Title;Link;Rating;Description;Price;Time
Wahid Biryani;/lucknow/wahid-biryani-1-aminabad/order?contextual_menu_params=eyJkaXNoX3NlYXJjaCI6eyJ0aXRsZSI6IkJlc3QgaW4gQ2hpY2tlbiIsImRpc2hfaWRzIjpbIjU1MjgwIl0sImN1aXNpbmVfaWRzIjpbXX19;3.6;Mughlai, Biryani, Kebab, Rolls, North Indian;₹250 for one;
Al Baike- Aminabad;/lucknow/al-baike-aminabad-aminabad/order?contextual_menu_params=eyJkaXNoX3NlYXJjaCI6eyJ0aXRsZSI6IkJlc3QgaW4gQ2hpY2tlbiIsImRpc2hfaWRzIjpbIjU1MjgwIl0sImN1aXNpbmVfaWRzIjpbXX19;3.9;North Indian, Fast Food, Burger;₹250 for one;
Behrouz Biryani;/lucknow/behrouz-biryani-hazratganj/order?contextual_menu_params=eyJkaXNoX3NlYXJjaCI6eyJ0aXRsZSI6IkJlc3QgaW4gQ2hpY2tlbiIsImRpc2hfaWRzIjpbIjU1MjgwIl0sImN1aXNpbmVfaWRzIjpbXX19;4.1;Biryani, Kebab, North Indian;₹250 for one;
Tanatan;/lucknow/tanatan-hazratganj/order?contextual_menu_params=eyJkaXNoX3NlYXJjaCI6eyJ0aXRsZSI6IkJlc3QgaW4gQ2hpY2tlbiIsImRpc2hfaWRzIjpbIjU1MjgwIl0sImN1aXNpbmVfaWRzIjpbXX19;4.0;North Indian, Lucknowi, Desserts, Beverages;₹250 for one;
Royal Cafe;/lucknow/royal-cafe-hazratganj/order?contextual_menu_params=eyJkaXNoX3NlYXJjaCI6eyJ0aXRsZSI6IkJlc3QgaW4gQ2hpY2tlbiIsImRpc2hfaWRzIjpbIjU1MjgwIl0sImN1aXNpbmVfaWRzIjpbXX19;4.1;North Indian, BBQ, Mughlai, Continental, Chinese, Fast Food, Desserts, Beverages;₹250 for one;
Biryani Blues;/lucknow/biryani-blues-hazratganj/order?contextual_menu_params=eyJkaXNoX3NlYXJjaCI6eyJ0aXRsZSI6IkJlc3QgaW4gQ2hpY2tlbiIsImRpc2hfaWRzIjpbIjU1MjgwIl0sImN1aXNpbmVfaWRzIjpbXX19;4.3;Biryani, Hyderabadi, Mughlai;₹250 for one;
The Cherry Tree Bakery & Cafe;/lucknow/the-cherry-tree-bakery-cafe-hazratganj/order?contextual_menu_params=eyJkaXNoX3NlYXJjaCI6eyJ0aXRsZSI6IkJlc3QgaW4gQ2hpY2tlbiIsImRpc2hfaWRzIjpbIjU1MjgwIl0sImN1aXNpbmVfaWRzIjpbXX19;4.1;Cafe, Bakery, Continental, Fast Food, Pizza, Desserts, Beverages;₹250 for one;
Pizza Hut;/lucknow/pizza-hut-husain-ganj/order?contextual_menu_params=eyJkaXNoX3NlYXJjaCI6eyJ0aXRsZSI6IkJlc3QgaW4gQ2hpY2tlbiIsImRpc2hfaWRzIjpbIjU1MjgwIl0sImN1aXNpbmVfaWRzIjpbXX19;3.8;Pizza, Pasta, Italian, Desserts, Beverages;₹250 for one;
Shariq Al - Baik;/lucknow/shariq-al-baik-chowk/order?contextual_menu_params=eyJkaXNoX3NlYXJjaCI6eyJ0aXRsZSI6IkJlc3QgaW4gQ2hpY2tlbiIsImRpc2hfaWRzIjpbIjU1MjgwIl0sImN1aXNpbmVfaWRzIjpbXX19;4.3;Roast Chicken, Lebanese, Burger, Fast Food;₹250 for one;
New Chik Chik Chicken Corner;/lucknow/new-chik-chik-chicken-corner-alambagh/order?contextual_menu_params=eyJkaXNoX3NlYXJjaCI6eyJ0aXRsZSI6IkJlc3QgaW4gQ2hpY2tlbiIsImRpc2hfaWRzIjpbIjU1MjgwIl0sImN1aXNpbmVfaWRzIjpbXX19;3.9;North Indian, Mughlai, Fast Food;₹250 for one;
Savour Port;/lucknow/savour-port-3-hazratganj/order?contextual_menu_params=eyJkaXNoX3NlYXJjaCI6eyJ0aXRsZSI6IkJlc3QgaW4gQ2hpY2tlbiIsImRpc2hfaWRzIjpbIjU1MjgwIl0sImN1aXNpbmVfaWRzIjpbXX19;4.2;North Indian, Chinese, Sandwich, Burger, Pizza, Beverages;₹250 for one;
Burger King;/lucknow/burger-king-hazratganj/order?contextual_menu_params=eyJkaXNoX3NlYXJjaCI6eyJ0aXRsZSI6IkJlc3QgaW4gQ2hpY2tlbiIsImRpc2hfaWRzIjpbIjU1MjgwIl0sImN1aXNpbmVfaWRzIjpbXX19;4.0;Burger, Fast Food, Desserts, Beverages;₹250 for one;
LunchBox - Meals and Thalis;/lucknow/lunchbox-meals-and-thalis-hazratganj/order?contextual_menu_params=eyJkaXNoX3NlYXJjaCI6eyJ0aXRsZSI6IkJlc3QgaW4gQ2hpY2tlbiIsImRpc2hfaWRzIjpbIjU1MjgwIl0sImN1aXNpbmVfaWRzIjpbXX19;4.2;North Indian, Biryani, Mughlai;₹200 for one;
Chinese Wok;/lucknow/chinese-wok-alambagh/order?contextual_menu_params=eyJkaXNoX3NlYXJjaCI6eyJ0aXRsZSI6IkJlc3QgaW4gQ2hpY2tlbiIsImRpc2hfaWRzIjpbIjU1MjgwIl0sImN1aXNpbmVfaWRzIjpbXX19;4.0;Chinese, Momos;₹200 for one;
Take Off Point;/lucknow/take-off-point-alambagh/order?contextual_menu_params=eyJkaXNoX3NlYXJjaCI6eyJ0aXRsZSI6IkJlc3QgaW4gQ2hpY2tlbiIsImRpc2hfaWRzIjpbIjU1MjgwIl0sImN1aXNpbmVfaWRzIjpbXX19;4.0;Chinese, Fast Food, North Indian, Biryani, Mughlai, Beverages;₹200 for one;
Zayka By TGR;/lucknow/zayka-by-tgr-1-husain-ganj/order?contextual_menu_params=eyJkaXNoX3NlYXJjaCI6eyJ0aXRsZSI6IkJlc3QgaW4gQ2hpY2tlbiIsImRpc2hfaWRzIjpbIjU1MjgwIl0sImN1aXNpbmVfaWRzIjpbXX19;4.1;Lucknowi, Mughlai;₹200 for one;
Al Laziz Biryani;/lucknow/al-laziz-biryani-aminabad/order?contextual_menu_params=eyJkaXNoX3NlYXJjaCI6eyJ0aXRsZSI6IkJlc3QgaW4gQ2hpY2tlbiIsImRpc2hfaWRzIjpbIjU1MjgwIl0sImN1aXNpbmVfaWRzIjpbXX19;4.0;Lucknowi, Mughlai, Biryani, Kebab;₹200 for one;
Arabesca - Indo Arabic Restaurant;/lucknow/arabesca-indo-arabic-restaurant-kaiserbagh/order?contextual_menu_params=eyJkaXNoX3NlYXJjaCI6eyJ0aXRsZSI6IkJlc3QgaW4gQ2hpY2tlbiIsImRpc2hfaWRzIjpbIjU1MjgwIl0sImN1aXNpbmVfaWRzIjpbXX19;4.1;North Indian, Arabian, Mandi, Biryani, Desserts, Mughlai;₹200 for one;
Tobo Meals;/lucknow/tobo-meals-charbagh/order?contextual_menu_params=eyJkaXNoX3NlYXJjaCI6eyJ0aXRsZSI6IkJlc3QgaW4gQ2hpY2tlbiIsImRpc2hfaWRzIjpbIjU1MjgwIl0sImN1aXNpbmVfaWRzIjpbXX19;4.0;North Indian;₹200 for one;
Mama Mutton;/lucknow/mama-mutton-alambagh/order?contextual_menu_params=eyJkaXNoX3NlYXJjaCI6eyJ0aXRsZSI6IkJlc3QgaW4gQ2hpY2tlbiIsImRpc2hfaWRzIjpbIjU1MjgwIl0sImN1aXNpbmVfaWRzIjpbXX19;4.0;North Indian, Mughlai, Biryani, Rolls, Seafood;₹200 for one;
Aryan Family’s Delight;/lucknow/aryan-familys-delight-1-alambagh/order?contextual_menu_params=eyJkaXNoX3NlYXJjaCI6eyJ0aXRsZSI6IkJlc3QgaW4gQ2hpY2tlbiIsImRpc2hfaWRzIjpbIjU1MjgwIl0sImN1aXNpbmVfaWRzIjpbXX19;4.1;North Indian, Mughlai, Chinese, Awadhi;₹200 for one;
Mirage The Lounge;/lucknow/mirage-the-lounge-1-hazratganj/order?contextual_menu_params=eyJkaXNoX3NlYXJjaCI6eyJ0aXRsZSI6IkJlc3QgaW4gQ2hpY2tlbiIsImRpc2hfaWRzIjpbIjU1MjgwIl0sImN1aXNpbmVfaWRzIjpbXX19;4.0;Continental, Italian, Chinese, Ice Cream, Shake, Beverages;₹200 for one;
Marksmen;/lucknow/marksmen-lalbagh/order?contextual_menu_params=eyJkaXNoX3NlYXJjaCI6eyJ0aXRsZSI6IkJlc3QgaW4gQ2hpY2tlbiIsImRpc2hfaWRzIjpbIjU1MjgwIl0sImN1aXNpbmVfaWRzIjpbXX19;4.1;Chinese, South Indian, Fast Food, Burger, Continental;₹200 for one;
Lord Petrick;/lucknow/lord-petrick-hazratganj/order?contextual_menu_params=eyJkaXNoX3NlYXJjaCI6eyJ0aXRsZSI6IkJlc3QgaW4gQ2hpY2tlbiIsImRpc2hfaWRzIjpbIjU1MjgwIl0sImN1aXNpbmVfaWRzIjpbXX19;4.1;Burger, Coffee;₹200 for one;
Timpano;/lucknow/timpano-hazratganj/order?contextual_menu_params=eyJkaXNoX3NlYXJjaCI6eyJ0aXRsZSI6IkJlc3QgaW4gQ2hpY2tlbiIsImRpc2hfaWRzIjpbIjU1MjgwIl0sImN1aXNpbmVfaWRzIjpbXX19;4.1;Italian;₹350 for one;
Rominus Pizza And Burger;/lucknow/rominus-pizza-and-burger-hazratganj/order?contextual_menu_params=eyJkaXNoX3NlYXJjaCI6eyJ0aXRsZSI6IkJlc3QgaW4gQ2hpY2tlbiIsImRpc2hfaWRzIjpbIjU1MjgwIl0sImN1aXNpbmVfaWRzIjpbXX19;4.2;Pizza, Burger, Fast Food;₹350 for one;
Hungry Hut;/lucknow/hungry-hut-charbagh/order?contextual_menu_params=eyJkaXNoX3NlYXJjaCI6eyJ0aXRsZSI6IkJlc3QgaW4gQ2hpY2tlbiIsImRpc2hfaWRzIjpbIjU1MjgwIl0sImN1aXNpbmVfaWRzIjpbXX19;3.6;North Indian;₹350 for one;
Al ASR Fried Chicken;/lucknow/al-asr-fried-chicken-aminabad/order?contextual_menu_params=eyJkaXNoX3NlYXJjaCI6eyJ0aXRsZSI6IkJlc3QgaW4gQ2hpY2tlbiIsImRpc2hfaWRzIjpbIjU1MjgwIl0sImN1aXNpbmVfaWRzIjpbXX19;4.0;North Indian, Fast Food;₹350 for one;
Zaika By Gemini Continental Hotel;/lucknow/zaika-by-gemini-continental-hotel-hazratganj/order?contextual_menu_params=eyJkaXNoX3NlYXJjaCI6eyJ0aXRsZSI6IkJlc3QgaW4gQ2hpY2tlbiIsImRpc2hfaWRzIjpbIjU1MjgwIl0sImN1aXNpbmVfaWRzIjpbXX19;4.5;Chinese, Mughlai, North Indian, Continental, Japanese, Beverages;₹350 for one;
Wendy's Burgers;/lucknow/wendys-burgers-hazratganj/order?contextual_menu_params=eyJkaXNoX3NlYXJjaCI6eyJ0aXRsZSI6IkJlc3QgaW4gQ2hpY2tlbiIsImRpc2hfaWRzIjpbIjU1MjgwIl0sImN1aXNpbmVfaWRzIjpbXX19;4.1;Burger, Fast Food, American;₹350 for one;
Mashi Biryani World;/lucknow/mashi-biryani-world-lalbagh/order?contextual_menu_params=eyJkaXNoX3NlYXJjaCI6eyJ0aXRsZSI6IkJlc3QgaW4gQ2hpY2tlbiIsImRpc2hfaWRzIjpbIjU1MjgwIl0sImN1aXNpbmVfaWRzIjpbXX19;3.9;Biryani, Mughlai;₹350 for one;
Kuduk Chicken;/lucknow/kuduk-chicken-1-chowk/order?contextual_menu_params=eyJkaXNoX3NlYXJjaCI6eyJ0aXRsZSI6IkJlc3QgaW4gQ2hpY2tlbiIsImRpc2hfaWRzIjpbIjU1MjgwIl0sImN1aXNpbmVfaWRzIjpbXX19;4.1;Fast Food, Burger;₹350 for one;
Aryan Family's Delight;/lucknow/aryan-familys-delight-alambagh/order?contextual_menu_params=eyJkaXNoX3NlYXJjaCI6eyJ0aXRsZSI6IkJlc3QgaW4gQ2hpY2tlbiIsImRpc2hfaWRzIjpbIjU1MjgwIl0sImN1aXNpbmVfaWRzIjpbXX19;4.1;North Indian, Chinese, South Indian, Burger, Rolls, Mughlai, Desserts, Beverages;₹350 for one;
Raheem's Kulcha Nahari;/lucknow/raheems-kulcha-nahari-chowk/order?contextual_menu_params=eyJkaXNoX3NlYXJjaCI6eyJ0aXRsZSI6IkJlc3QgaW4gQ2hpY2tlbiIsImRpc2hfaWRzIjpbIjU1MjgwIl0sImN1aXNpbmVfaWRzIjpbXX19;4.0;Lucknowi, Kebab, Biryani, Mughlai, North Indian;₹350 for one;
Amritsar 0 Km;/lucknow/amritsar-0-km-alambagh/order?contextual_menu_params=eyJkaXNoX3NlYXJjaCI6eyJ0aXRsZSI6IkJlc3QgaW4gQ2hpY2tlbiIsImRpc2hfaWRzIjpbIjU1MjgwIl0sImN1aXNpbmVfaWRzIjpbXX19;4.1;South Indian, Chinese, Mughlai, Fast Food, Beverages, Desserts;₹350 for one;
Bikkgane Biryani;/lucknow/bikkgane-biryani-aashiana/order?contextual_menu_params=eyJkaXNoX3NlYXJjaCI6eyJ0aXRsZSI6IkJlc3QgaW4gQ2hpY2tlbiIsImRpc2hfaWRzIjpbIjU1MjgwIl0sImN1aXNpbmVfaWRzIjpbXX19;4.1;Biryani, Hyderabadi, Andhra, North Indian, Mughlai;₹350 for one;
KFC;/lucknow/kfc-1-hazratganj/order?contextual_menu_params=eyJkaXNoX3NlYXJjaCI6eyJ0aXRsZSI6IkJlc3QgaW4gQ2hpY2tlbiIsImRpc2hfaWRzIjpbIjU1MjgwIl0sImN1aXNpbmVfaWRzIjpbXX19;4.4;Burger, Fast Food, Rolls;₹200 for one;
Courtyard Mashaal By The Carlton Hotel;/lucknow/courtyard-mashaal-by-the-carlton-hotel-hazratganj/order?contextual_menu_params=eyJkaXNoX3NlYXJjaCI6eyJ0aXRsZSI6IkJlc3QgaW4gQ2hpY2tlbiIsImRpc2hfaWRzIjpbIjU1MjgwIl0sImN1aXNpbmVfaWRzIjpbXX19;3.9;North Indian, Mughlai, Chinese, Continental, Biryani, Rolls, Desserts, Beverages;₹200 for one;
Rollarappaa;/lucknow/rollarappaa-sapru-marg/order?contextual_menu_params=eyJkaXNoX3NlYXJjaCI6eyJ0aXRsZSI6IkJlc3QgaW4gQ2hpY2tlbiIsImRpc2hfaWRzIjpbIjU1MjgwIl0sImN1aXNpbmVfaWRzIjpbXX19;4.1;Rolls;₹200 for one;
Wat-a-Burger! - India ka Burger;/lucknow/wat-a-burger-india-ka-burger-hazratganj/order?contextual_menu_params=eyJkaXNoX3NlYXJjaCI6eyJ0aXRsZSI6IkJlc3QgaW4gQ2hpY2tlbiIsImRpc2hfaWRzIjpbIjU1MjgwIl0sImN1aXNpbmVfaWRzIjpbXX19;3.9;Burger, Wraps, Fast Food, Desserts, Sandwich, Beverages;₹200 for one;
Cafe Lilli;/lucknow/cafe-lilli-alambagh/order?contextual_menu_params=eyJkaXNoX3NlYXJjaCI6eyJ0aXRsZSI6IkJlc3QgaW4gQ2hpY2tlbiIsImRpc2hfaWRzIjpbIjU1MjgwIl0sImN1aXNpbmVfaWRzIjpbXX19;4.1;North Indian, Chinese, Continental, Mughlai, Beverages;₹200 for one;
Ranjan Snack Foods;/lucknow/ranjan-snack-foods-hazratganj/order?contextual_menu_params=eyJkaXNoX3NlYXJjaCI6eyJ0aXRsZSI6IkJlc3QgaW4gQ2hpY2tlbiIsImRpc2hfaWRzIjpbIjU1MjgwIl0sImN1aXNpbmVfaWRzIjpbXX19;4.0;North Indian, Chinese, South Indian, Fast Food, Street Food, Desserts, Beverages;₹200 for one;
Sher E Punjab Hotel;/lucknow/sher-e-punjab-hotel-charbagh/order?contextual_menu_params=eyJkaXNoX3NlYXJjaCI6eyJ0aXRsZSI6IkJlc3QgaW4gQ2hpY2tlbiIsImRpc2hfaWRzIjpbIjU1MjgwIl0sImN1aXNpbmVfaWRzIjpbXX19;3.9;North Indian, Mughlai, Seafood, Beverages;₹200 for one;
Redan A House Of Mandi;/lucknow/redan-a-house-of-mandi-aminabad/order?contextual_menu_params=eyJkaXNoX3NlYXJjaCI6eyJ0aXRsZSI6IkJlc3QgaW4gQ2hpY2tlbiIsImRpc2hfaWRzIjpbIjU1MjgwIl0sImN1aXNpbmVfaWRzIjpbXX19;4.0;Mandi, North Indian;₹200 for one;
Kitchen Garage;/lucknow/kitchen-garage-aminabad/order?contextual_menu_params=eyJkaXNoX3NlYXJjaCI6eyJ0aXRsZSI6IkJlc3QgaW4gQ2hpY2tlbiIsImRpc2hfaWRzIjpbIjU1MjgwIl0sImN1aXNpbmVfaWRzIjpbXX19;4.0;Chinese, Sandwich, Burger, Pasta, Fast Food, Biryani, Pizza, Beverages;₹200 for one;
Urban Smoky Cafe & Lounge;/lucknow/urban-smoky-cafe-lounge-hazratganj/order?contextual_menu_params=eyJkaXNoX3NlYXJjaCI6eyJ0aXRsZSI6IkJlc3QgaW4gQ2hpY2tlbiIsImRpc2hfaWRzIjpbIjU1MjgwIl0sImN1aXNpbmVfaWRzIjpbXX19;3.7;Chinese, North Indian, Biryani, Mughlai, Burger, Pizza, Sandwich, Fast Food;₹200 for one;
High On Diet;/lucknow/high-on-diet-kaiserbagh/order?contextual_menu_params=eyJkaXNoX3NlYXJjaCI6eyJ0aXRsZSI6IkJlc3QgaW4gQ2hpY2tlbiIsImRpc2hfaWRzIjpbIjU1MjgwIl0sImN1aXNpbmVfaWRzIjpbXX19;4.4;Healthy Food, Salad, Fast Food;₹200 for one;
Hotel Shelter;/lucknow/hotel-shelter-1-charbagh/order?contextual_menu_params=eyJkaXNoX3NlYXJjaCI6eyJ0aXRsZSI6IkJlc3QgaW4gQ2hpY2tlbiIsImRpc2hfaWRzIjpbIjU1MjgwIl0sImN1aXNpbmVfaWRzIjpbXX19;3.2;Chinese, Mughlai, Fast Food, Beverages;₹200 for one;
Dine Out City (DOC);/lucknow/dine-out-city-doc-aliganj/order?contextual_menu_params=eyJkaXNoX3NlYXJjaCI6eyJ0aXRsZSI6IkJlc3QgaW4gQ2hpY2tlbiIsImRpc2hfaWRzIjpbIjU1MjgwIl0sImN1aXNpbmVfaWRzIjpbXX19;4.0;North Indian, Chinese, Pizza, Mexican, Asian, Japanese, Thai, Sushi;₹300 for one;
Colours - Royal Cafe;/lucknow/colours-royal-cafe-hazratganj/order?contextual_menu_params=eyJkaXNoX3NlYXJjaCI6eyJ0aXRsZSI6IkJlc3QgaW4gQ2hpY2tlbiIsImRpc2hfaWRzIjpbIjU1MjgwIl0sImN1aXNpbmVfaWRzIjpbXX19;4.2;North Indian, Chinese, Continental, Italian, Oriental, Biryani, Desserts, Beverages;₹300 for one;
The House 21;/lucknow/the-house-21-mahanagar/order?contextual_menu_params=eyJkaXNoX3NlYXJjaCI6eyJ0aXRsZSI6IkJlc3QgaW4gQ2hpY2tlbiIsImRpc2hfaWRzIjpbIjU1MjgwIl0sImN1aXNpbmVfaWRzIjpbXX19;4.1;Arabian, Mughlai, Mandi, Desserts, Beverages;₹300 for one;
Daal Mein Kala;/lucknow/daal-mein-kala-1-hazratganj/order?contextual_menu_params=eyJkaXNoX3NlYXJjaCI6eyJ0aXRsZSI6IkJlc3QgaW4gQ2hpY2tlbiIsImRpc2hfaWRzIjpbIjU1MjgwIl0sImN1aXNpbmVfaWRzIjpbXX19;4.2;North Indian, Mughlai, Biryani;₹300 for one;
Hons  All Day Dining;/lucknow/hons-all-day-dining-hazratganj/order?contextual_menu_params=eyJkaXNoX3NlYXJjaCI6eyJ0aXRsZSI6IkJlc3QgaW4gQ2hpY2tlbiIsImRpc2hfaWRzIjpbIjU1MjgwIl0sImN1aXNpbmVfaWRzIjpbXX19;4.2;Cafe, Coffee, Tea, Shake, Beverages, Continental, Italian, Salad;₹300 for one;
Mother’s Kitchen;/lucknow/mothers-kitchen-aishbagh/order?contextual_menu_params=eyJkaXNoX3NlYXJjaCI6eyJ0aXRsZSI6IkJlc3QgaW4gQ2hpY2tlbiIsImRpc2hfaWRzIjpbIjU1MjgwIl0sImN1aXNpbmVfaWRzIjpbXX19;4.0;Lucknowi, North Indian, Beverages;₹300 for one;
La Pino'z Pizza;/lucknow/la-pinoz-pizza-1-alambagh/order?contextual_menu_params=eyJkaXNoX3NlYXJjaCI6eyJ0aXRsZSI6IkJlc3QgaW4gQ2hpY2tlbiIsImRpc2hfaWRzIjpbIjU1MjgwIl0sImN1aXNpbmVfaWRzIjpbXX19;3.9;Pizza, Italian, Pasta, Fast Food;₹300 for one;
Burger Point;/lucknow/burger-point-alambagh/order?contextual_menu_params=eyJkaXNoX3NlYXJjaCI6eyJ0aXRsZSI6IkJlc3QgaW4gQ2hpY2tlbiIsImRpc2hfaWRzIjpbIjU1MjgwIl0sImN1aXNpbmVfaWRzIjpbXX19;3.7;Burger, Sandwich, Wraps, Fast Food, Pizza, Shake, Beverages;₹300 for one;
Non Veg Junction;/lucknow/non-veg-junction-alambagh/order?contextual_menu_params=eyJkaXNoX3NlYXJjaCI6eyJ0aXRsZSI6IkJlc3QgaW4gQ2hpY2tlbiIsImRpc2hfaWRzIjpbIjU1MjgwIl0sImN1aXNpbmVfaWRzIjpbXX19;3.7;North Indian, Biryani, Seafood, Street Food, Rolls;₹300 for one;
Kukdu Ku Chicken;/lucknow/kukdu-ku-chicken-1-aashiana/order?contextual_menu_params=eyJkaXNoX3NlYXJjaCI6eyJ0aXRsZSI6IkJlc3QgaW4gQ2hpY2tlbiIsImRpc2hfaWRzIjpbIjU1MjgwIl0sImN1aXNpbmVfaWRzIjpbXX19;4.0;North Indian, Chinese, Mughlai, Biryani, Fast Food;₹300 for one;
Spicy Hub;/lucknow/spicy-hub-aashiana/order?contextual_menu_params=eyJkaXNoX3NlYXJjaCI6eyJ0aXRsZSI6IkJlc3QgaW4gQ2hpY2tlbiIsImRpc2hfaWRzIjpbIjU1MjgwIl0sImN1aXNpbmVfaWRzIjpbXX19;4.2;North Indian, South Indian, Chinese, Mughlai, Fast Food, Beverages, Ice Cream;₹300 for one;
Al - Baike - Arabecue;/lucknow/al-baike-arabecue-chowk/order?contextual_menu_params=eyJkaXNoX3NlYXJjaCI6eyJ0aXRsZSI6IkJlc3QgaW4gQ2hpY2tlbiIsImRpc2hfaWRzIjpbIjU1MjgwIl0sImN1aXNpbmVfaWRzIjpbXX19;4.2;North Indian, Pizza, Burger, Fast Food;₹300 for one;
1936 - Saraca Lucknow;/lucknow/1936-saraca-lucknow-sapru-marg/order?contextual_menu_params=eyJkaXNoX3NlYXJjaCI6eyJ0aXRsZSI6IkJlc3QgaW4gQ2hpY2tlbiIsImRpc2hfaWRzIjpbIjU1MjgwIl0sImN1aXNpbmVfaWRzIjpbXX19;-;Beverages, Desserts, Italian;₹1,450 for one;
Uncle Fish Fry;/lucknow/uncle-fish-fry-alambagh/order?contextual_menu_params=eyJkaXNoX3NlYXJjaCI6eyJ0aXRsZSI6IkJlc3QgaW4gQ2hpY2tlbiIsImRpc2hfaWRzIjpbIjU1MjgwIl0sImN1aXNpbmVfaWRzIjpbXX19;3.8;North Indian, Fast Food;₹150 for one;
Punjabi Dhaba;/lucknow/punjabi-dhaba-charbagh/order?contextual_menu_params=eyJkaXNoX3NlYXJjaCI6eyJ0aXRsZSI6IkJlc3QgaW4gQ2hpY2tlbiIsImRpc2hfaWRzIjpbIjU1MjgwIl0sImN1aXNpbmVfaWRzIjpbXX19;3.6;North Indian, Mughlai;₹150 for one;
Azrak- Saraca Lucknow;/lucknow/azrak-saraca-lucknow-hazratganj/order?contextual_menu_params=eyJkaXNoX3NlYXJjaCI6eyJ0aXRsZSI6IkJlc3QgaW4gQ2hpY2tlbiIsImRpc2hfaWRzIjpbIjU1MjgwIl0sImN1aXNpbmVfaWRzIjpbXX19;2.5;Awadhi, Beverages, North Indian, Middle Eastern, Mughlai, Biryani;₹1,400 for one;
Vivek's;/lucknow/viveks-alambagh/order?contextual_menu_params=eyJkaXNoX3NlYXJjaCI6eyJ0aXRsZSI6IkJlc3QgaW4gQ2hpY2tlbiIsImRpc2hfaWRzIjpbIjU1MjgwIl0sImN1aXNpbmVfaWRzIjpbXX19;3.9;North Indian, Biryani, Seafood;₹200 for one;
De Globe Cafe;/lucknow/de-globe-cafe-1-hazratganj/order?contextual_menu_params=eyJkaXNoX3NlYXJjaCI6eyJ0aXRsZSI6IkJlc3QgaW4gQ2hpY2tlbiIsImRpc2hfaWRzIjpbIjU1MjgwIl0sImN1aXNpbmVfaWRzIjpbXX19;4.1;Fast Food, Chinese, Sichuan;₹150 for one;
The Chocolate Room;/lucknow/the-chocolate-room-hazratganj/order?contextual_menu_params=eyJkaXNoX3NlYXJjaCI6eyJ0aXRsZSI6IkJlc3QgaW4gQ2hpY2tlbiIsImRpc2hfaWRzIjpbIjU1MjgwIl0sImN1aXNpbmVfaWRzIjpbXX19;3.8;Bakery, Cafe, Coffee, Salad, Italian, Fast Food, Chinese, Mexican;₹400 for one;
Khana Badosh;/lucknow/khana-badosh-rajajipuram/order?contextual_menu_params=eyJkaXNoX3NlYXJjaCI6eyJ0aXRsZSI6IkJlc3QgaW4gQ2hpY2tlbiIsImRpc2hfaWRzIjpbIjU1MjgwIl0sImN1aXNpbmVfaWRzIjpbXX19;3.9;North Indian, Chinese, Street Food, Mughlai;₹200 for one;
Ghar Ka Swad;/lucknow/ghar-ka-swad-shekhpur/order?contextual_menu_params=eyJkaXNoX3NlYXJjaCI6eyJ0aXRsZSI6IkJlc3QgaW4gQ2hpY2tlbiIsImRpc2hfaWRzIjpbIjU1MjgwIl0sImN1aXNpbmVfaWRzIjpbXX19;4.2;North Indian;₹150 for one;
Prem Non Veg Point;/lucknow/prem-non-veg-point-hazratganj/order?contextual_menu_params=eyJkaXNoX3NlYXJjaCI6eyJ0aXRsZSI6IkJlc3QgaW4gQ2hpY2tlbiIsImRpc2hfaWRzIjpbIjU1MjgwIl0sImN1aXNpbmVfaWRzIjpbXX19;4.2;Biryani, Fast Food, Mughlai, North Indian, Rolls, Beverages;₹200 for one;
Siraj Restaurant;/lucknow/siraj-restaurant-1-chowk/order?contextual_menu_params=eyJkaXNoX3NlYXJjaCI6eyJ0aXRsZSI6IkJlc3QgaW4gQ2hpY2tlbiIsImRpc2hfaWRzIjpbIjU1MjgwIl0sImN1aXNpbmVfaWRzIjpbXX19;4.1;Mughlai, Biryani, North Indian;₹150 for one;
Zayeka Ghar Ka;/lucknow/zayeka-ghar-ka-shekhpur/order?contextual_menu_params=eyJkaXNoX3NlYXJjaCI6eyJ0aXRsZSI6IkJlc3QgaW4gQ2hpY2tlbiIsImRpc2hfaWRzIjpbIjU1MjgwIl0sImN1aXNpbmVfaWRzIjpbXX19;4.2;North Indian, Street Food;₹100 for one;
Chawlas 2;/lucknow/chawlas-2-alambagh/order?contextual_menu_params=eyJkaXNoX3NlYXJjaCI6eyJ0aXRsZSI6IkJlc3QgaW4gQ2hpY2tlbiIsImRpc2hfaWRzIjpbIjU1MjgwIl0sImN1aXNpbmVfaWRzIjpbXX19;4.0;North Indian, Mughlai, Biryani, Chinese;₹250 for one;
Mezbaan-E-Awadh;/lucknow/mezbaan-e-awadh-1-husain-ganj/order?contextual_menu_params=eyJkaXNoX3NlYXJjaCI6eyJ0aXRsZSI6IkJlc3QgaW4gQ2hpY2tlbiIsImRpc2hfaWRzIjpbIjU1MjgwIl0sImN1aXNpbmVfaWRzIjpbXX19;New;Lucknowi, Mughlai, Kebab;₹250 for one;
McDonald's;/lucknow/mcdonalds-2-hazratganj/order?contextual_menu_params=eyJkaXNoX3NlYXJjaCI6eyJ0aXRsZSI6IkJlc3QgaW4gQ2hpY2tlbiIsImRpc2hfaWRzIjpbIjU1MjgwIl0sImN1aXNpbmVfaWRzIjpbXX19;4.2;Burger, Fast Food, Coffee, Cafe, Beverages;₹250 for one;
Royal Sky;/lucknow/royal-sky-1-hazratganj/order?contextual_menu_params=eyJkaXNoX3NlYXJjaCI6eyJ0aXRsZSI6IkJlc3QgaW4gQ2hpY2tlbiIsImRpc2hfaWRzIjpbIjU1MjgwIl0sImN1aXNpbmVfaWRzIjpbXX19;4.2;North Indian, Mughlai, Chinese, Continental, Sichuan, Fast Food, Desserts, Beverages;₹250 for one;
Purvanchal Handi Hut;/lucknow/purvanchal-handi-hut-lalbagh/order?contextual_menu_params=eyJkaXNoX3NlYXJjaCI6eyJ0aXRsZSI6IkJlc3QgaW4gQ2hpY2tlbiIsImRpc2hfaWRzIjpbIjU1MjgwIl0sImN1aXNpbmVfaWRzIjpbXX19;4.0;North Indian, Mughlai, Fast Food;₹250 for one;
Barbeque Nation;/lucknow/barbeque-nation-gomti-nagar/order?contextual_menu_params=eyJkaXNoX3NlYXJjaCI6eyJ0aXRsZSI6IkJlc3QgaW4gQ2hpY2tlbiIsImRpc2hfaWRzIjpbIjU1MjgwIl0sImN1aXNpbmVfaWRzIjpbXX19;4.2;North Indian, BBQ, Biryani, Kebab, Continental, Chinese, Beverages, Desserts;₹250 for one;
Shabaan Non-Veg Tikka Corner;/lucknow/shabaan-non-veg-tikka-corner-chowk/order?contextual_menu_params=eyJkaXNoX3NlYXJjaCI6eyJ0aXRsZSI6IkJlc3QgaW4gQ2hpY2tlbiIsImRpc2hfaWRzIjpbIjU1MjgwIl0sImN1aXNpbmVfaWRzIjpbXX19;4.3;Mughlai, BBQ;₹250 for one;
Urban Darbar;/lucknow/urban-darbar-lalbagh/order?contextual_menu_params=eyJkaXNoX3NlYXJjaCI6eyJ0aXRsZSI6IkJlc3QgaW4gQ2hpY2tlbiIsImRpc2hfaWRzIjpbIjU1MjgwIl0sImN1aXNpbmVfaWRzIjpbXX19;New;North Indian, Mughlai, Biryani, Seafood, Desserts;₹250 for one;
Shahi Zaiqa;/lucknow/shahi-zaiqa-alambagh/order?contextual_menu_params=eyJkaXNoX3NlYXJjaCI6eyJ0aXRsZSI6IkJlc3QgaW4gQ2hpY2tlbiIsImRpc2hfaWRzIjpbIjU1MjgwIl0sImN1aXNpbmVfaWRzIjpbXX19;3.4;Awadhi, Kebab, Mughlai;₹250 for one;
Faheem Muradabadi Chicken Biryani Centre;/lucknow/faheem-muradabadi-chicken-biryani-centre-chowk/order?contextual_menu_params=eyJkaXNoX3NlYXJjaCI6eyJ0aXRsZSI6IkJlc3QgaW4gQ2hpY2tlbiIsImRpc2hfaWRzIjpbIjU1MjgwIl0sImN1aXNpbmVfaWRzIjpbXX19;3.9;Mughlai, Biryani;₹250 for one;
Asian Kitchen;/lucknow/asian-kitchen-1-alambagh/order?contextual_menu_params=eyJkaXNoX3NlYXJjaCI6eyJ0aXRsZSI6IkJlc3QgaW4gQ2hpY2tlbiIsImRpc2hfaWRzIjpbIjU1MjgwIl0sImN1aXNpbmVfaWRzIjpbXX19;3.7;Chinese, Momos;₹250 for one;
Gyan Dhaba;/lucknow/gyan-dhaba-alambagh/order?contextual_menu_params=eyJkaXNoX3NlYXJjaCI6eyJ0aXRsZSI6IkJlc3QgaW4gQ2hpY2tlbiIsImRpc2hfaWRzIjpbIjU1MjgwIl0sImN1aXNpbmVfaWRzIjpbXX19;3.9;North Indian, Chinese, Mughlai;₹250 for one;
Chicken Junction;/lucknow/chicken-junction-alambagh/order?contextual_menu_params=eyJkaXNoX3NlYXJjaCI6eyJ0aXRsZSI6IkJlc3QgaW4gQ2hpY2tlbiIsImRpc2hfaWRzIjpbIjU1MjgwIl0sImN1aXNpbmVfaWRzIjpbXX19;4.0;North Indian, Biryani;₹100 for one;
Moti Mahal Delux;/lucknow/moti-mahal-delux-hazratganj/order?contextual_menu_params=eyJkaXNoX3NlYXJjaCI6eyJ0aXRsZSI6IkJlc3QgaW4gQ2hpY2tlbiIsImRpc2hfaWRzIjpbIjU1MjgwIl0sImN1aXNpbmVfaWRzIjpbXX19;4.3;North Indian, Chinese, Sandwich, Pasta, Pizza, Biryani, Kebab, Salad;₹100 for one;
Al-Baik;/lucknow/al-baik-1-lalbagh/order?contextual_menu_params=eyJkaXNoX3NlYXJjaCI6eyJ0aXRsZSI6IkJlc3QgaW4gQ2hpY2tlbiIsImRpc2hfaWRzIjpbIjU1MjgwIl0sImN1aXNpbmVfaWRzIjpbXX19;3.8;Fast Food, Burger, Beverages;₹100 for one;
Kareem Kababi;/lucknow/kareem-kababi-aminabad/order?contextual_menu_params=eyJkaXNoX3NlYXJjaCI6eyJ0aXRsZSI6IkJlc3QgaW4gQ2hpY2tlbiIsImRpc2hfaWRzIjpbIjU1MjgwIl0sImN1aXNpbmVfaWRzIjpbXX19;4.3;Kebab, Lucknowi, Rolls, Burger, Biryani;₹100 for one;
Famous Fish Fry;/lucknow/famous-fish-fry-hazratganj/order?contextual_menu_params=eyJkaXNoX3NlYXJjaCI6eyJ0aXRsZSI6IkJlc3QgaW4gQ2hpY2tlbiIsImRpc2hfaWRzIjpbIjU1MjgwIl0sImN1aXNpbmVfaWRzIjpbXX19;3.8;Awadhi, Fast Food;₹100 for one;
UBQ by Barbeque Nation;/lucknow/ubq-by-barbeque-nation-gomti-nagar/order?contextual_menu_params=eyJkaXNoX3NlYXJjaCI6eyJ0aXRsZSI6IkJlc3QgaW4gQ2hpY2tlbiIsImRpc2hfaWRzIjpbIjU1MjgwIl0sImN1aXNpbmVfaWRzIjpbXX19;4.1;North Indian, BBQ, Biryani, Street Food, Kebab, Beverages, Desserts;₹100 for one;
Ranbirs;/lucknow/ranbirs-alambagh/order?contextual_menu_params=eyJkaXNoX3NlYXJjaCI6eyJ0aXRsZSI6IkJlc3QgaW4gQ2hpY2tlbiIsImRpc2hfaWRzIjpbIjU1MjgwIl0sImN1aXNpbmVfaWRzIjpbXX19;4.1;North Indian, Chinese, Shake;₹100 for one;
Biryani House;/lucknow/biryani-house-hazratganj/order?contextual_menu_params=eyJkaXNoX3NlYXJjaCI6eyJ0aXRsZSI6IkJlc3QgaW4gQ2hpY2tlbiIsImRpc2hfaWRzIjpbIjU1MjgwIl0sImN1aXNpbmVfaWRzIjpbXX19;3.7;Chinese, North Indian, Rolls, Momos, Fast Food;₹100 for one;
Taste The Best;/lucknow/taste-the-best-aashiana/order?contextual_menu_params=eyJkaXNoX3NlYXJjaCI6eyJ0aXRsZSI6IkJlc3QgaW4gQ2hpY2tlbiIsImRpc2hfaWRzIjpbIjU1MjgwIl0sImN1aXNpbmVfaWRzIjpbXX19;3.9;North Indian, Mughlai, Rolls;₹100 for one;
AkbariGate;/lucknow/akbarigate-mahanagar/order?contextual_menu_params=eyJkaXNoX3NlYXJjaCI6eyJ0aXRsZSI6IkJlc3QgaW4gQ2hpY2tlbiIsImRpc2hfaWRzIjpbIjU1MjgwIl0sImN1aXNpbmVfaWRzIjpbXX19;4.0;North Indian, Mughlai, Biryani, BBQ, Rolls;₹100 for one;
Desi Mutton;/lucknow/desi-mutton-alambagh/order?contextual_menu_params=eyJkaXNoX3NlYXJjaCI6eyJ0aXRsZSI6IkJlc3QgaW4gQ2hpY2tlbiIsImRpc2hfaWRzIjpbIjU1MjgwIl0sImN1aXNpbmVfaWRzIjpbXX19;3.9;Kebab, Rolls;₹100 for one;
Pizza Mania;/lucknow/pizza-mania-chowk/order?contextual_menu_params=eyJkaXNoX3NlYXJjaCI6eyJ0aXRsZSI6IkJlc3QgaW4gQ2hpY2tlbiIsImRpc2hfaWRzIjpbIjU1MjgwIl0sImN1aXNpbmVfaWRzIjpbXX19;3.9;Pizza, Burger, Sandwich, Beverages;₹100 for one;
Firangi Bake;/lucknow/firangi-bake-hazratganj/order?contextual_menu_params=eyJkaXNoX3NlYXJjaCI6eyJ0aXRsZSI6IkJlc3QgaW4gQ2hpY2tlbiIsImRpc2hfaWRzIjpbIjU1MjgwIl0sImN1aXNpbmVfaWRzIjpbXX19;4.2;Italian, Mexican, Pasta;₹300 for one;
The Biryani Life;/lucknow/the-biryani-life-hazratganj/order?contextual_menu_params=eyJkaXNoX3NlYXJjaCI6eyJ0aXRsZSI6IkJlc3QgaW4gQ2hpY2tlbiIsImRpc2hfaWRzIjpbIjU1MjgwIl0sImN1aXNpbmVfaWRzIjpbXX19;4.2;Biryani, Mughlai, Kebabs;₹300 for one;
Rovers;/lucknow/rovers-hazratganj/order?contextual_menu_params=eyJkaXNoX3NlYXJjaCI6eyJ0aXRsZSI6IkJlc3QgaW4gQ2hpY2tlbiIsImRpc2hfaWRzIjpbIjU1MjgwIl0sImN1aXNpbmVfaWRzIjpbXX19;4.1;North Indian, Mughlai, Asian, Pizza, Fast Food, Desserts, Beverages;₹300 for one;
Heart In The Kitchen;/lucknow/heart-in-the-kitchen-1-shekhpur/order?contextual_menu_params=eyJkaXNoX3NlYXJjaCI6eyJ0aXRsZSI6IkJlc3QgaW4gQ2hpY2tlbiIsImRpc2hfaWRzIjpbIjU1MjgwIl0sImN1aXNpbmVfaWRzIjpbXX19;4.3;North Indian, Chinese;₹300 for one;
Biryani Junction;/lucknow/biryani-junction-alambagh/order?contextual_menu_params=eyJkaXNoX3NlYXJjaCI6eyJ0aXRsZSI6IkJlc3QgaW4gQ2hpY2tlbiIsImRpc2hfaWRzIjpbIjU1MjgwIl0sImN1aXNpbmVfaWRzIjpbXX19;4.0;North Indian, Biryani;₹300 for one;
Kareem's;/lucknow/kareems-alambagh/order?contextual_menu_params=eyJkaXNoX3NlYXJjaCI6eyJ0aXRsZSI6IkJlc3QgaW4gQ2hpY2tlbiIsImRpc2hfaWRzIjpbIjU1MjgwIl0sImN1aXNpbmVfaWRzIjpbXX19;4.3;Mughlai, North Indian, Biryani;₹300 for one;
Pizzaport & Cafe;/lucknow/pizzaport-cafe-aliganj/order?contextual_menu_params=eyJkaXNoX3NlYXJjaCI6eyJ0aXRsZSI6IkJlc3QgaW4gQ2hpY2tlbiIsImRpc2hfaWRzIjpbIjU1MjgwIl0sImN1aXNpbmVfaWRzIjpbXX19;3.8;Pizza, Chinese, Fast Food, Burger;₹300 for one;
Desi Kitchen;/lucknow/desi-kitchen-hazratganj/order?contextual_menu_params=eyJkaXNoX3NlYXJjaCI6eyJ0aXRsZSI6IkJlc3QgaW4gQ2hpY2tlbiIsImRpc2hfaWRzIjpbIjU1MjgwIl0sImN1aXNpbmVfaWRzIjpbXX19;4.1;North Indian, Chinese, Fast Food, Beverages;₹300 for one;
Kool Break;/lucknow/kool-break-hazratganj/order?contextual_menu_params=eyJkaXNoX3NlYXJjaCI6eyJ0aXRsZSI6IkJlc3QgaW4gQ2hpY2tlbiIsImRpc2hfaWRzIjpbIjU1MjgwIl0sImN1aXNpbmVfaWRzIjpbXX19;4.3;Continental, North Indian, Chinese, Thai, Sandwich, Pizza, Seafood;₹300 for one;
Awadh Food Point Homemade;/lucknow/awadh-food-point-homemade-shekhpur/order?contextual_menu_params=eyJkaXNoX3NlYXJjaCI6eyJ0aXRsZSI6IkJlc3QgaW4gQ2hpY2tlbiIsImRpc2hfaWRzIjpbIjU1MjgwIl0sImN1aXNpbmVfaWRzIjpbXX19;4.3;North Indian, Awadhi;₹300 for one;
Champaran Poorvanchal Mutton Handi;/lucknow/champaran-poorvanchal-mutton-handi-rajajipuram/order?contextual_menu_params=eyJkaXNoX3NlYXJjaCI6eyJ0aXRsZSI6IkJlc3QgaW4gQ2hpY2tlbiIsImRpc2hfaWRzIjpbIjU1MjgwIl0sImN1aXNpbmVfaWRzIjpbXX19;3.0;North Indian, Biryani;₹300 for one;
Al-Gazal Baik;/lucknow/al-gazal-baik-mahanagar/order?contextual_menu_params=eyJkaXNoX3NlYXJjaCI6eyJ0aXRsZSI6IkJlc3QgaW4gQ2hpY2tlbiIsImRpc2hfaWRzIjpbIjU1MjgwIl0sImN1aXNpbmVfaWRzIjpbXX19;3.9;Burger, Fast Food, Shake;₹300 for one;
Tikke Da Ikka;/lucknow/tikke-da-ikka-aashiana/order?contextual_menu_params=eyJkaXNoX3NlYXJjaCI6eyJ0aXRsZSI6IkJlc3QgaW4gQ2hpY2tlbiIsImRpc2hfaWRzIjpbIjU1MjgwIl0sImN1aXNpbmVfaWRzIjpbXX19;4.1;Mughlai, Fast Food, North Indian;₹250 for one;
Champaran Meat House;/lucknow/champaran-meat-house-aashiana/order?contextual_menu_params=eyJkaXNoX3NlYXJjaCI6eyJ0aXRsZSI6IkJlc3QgaW4gQ2hpY2tlbiIsImRpc2hfaWRzIjpbIjU1MjgwIl0sImN1aXNpbmVfaWRzIjpbXX19;3.7;North Indian, Biryani;₹250 for one;
Karim's - Original From Jama Masjid Delhi-6;/lucknow/karims-original-from-jama-masjid-delhi-6-1-aliganj/order?contextual_menu_params=eyJkaXNoX3NlYXJjaCI6eyJ0aXRsZSI6IkJlc3QgaW4gQ2hpY2tlbiIsImRpc2hfaWRzIjpbIjU1MjgwIl0sImN1aXNpbmVfaWRzIjpbXX19;3.8;North Indian, Mughlai, Ice Cream, Beverages, Awadhi, Biryani;₹250 for one;
The Desi Zayka;/lucknow/the-desi-zayka-1-chowk/order?contextual_menu_params=eyJkaXNoX3NlYXJjaCI6eyJ0aXRsZSI6IkJlc3QgaW4gQ2hpY2tlbiIsImRpc2hfaWRzIjpbIjU1MjgwIl0sImN1aXNpbmVfaWRzIjpbXX19;4.0;North Indian, Biryani, Fast Food, Street Food;₹250 for one;
The Marigold - Fine Dine Restaurant;/lucknow/the-marigold-fine-dine-restaurant-2-aashiana/order?contextual_menu_params=eyJkaXNoX3NlYXJjaCI6eyJ0aXRsZSI6IkJlc3QgaW4gQ2hpY2tlbiIsImRpc2hfaWRzIjpbIjU1MjgwIl0sImN1aXNpbmVfaWRzIjpbXX19;3.9;North Indian, Continental, Chinese, Momos, Pizza, Fast Food, Desserts, Beverages;₹250 for one;
Limone Lounge;/lucknow/limone-lounge-mahanagar/order?contextual_menu_params=eyJkaXNoX3NlYXJjaCI6eyJ0aXRsZSI6IkJlc3QgaW4gQ2hpY2tlbiIsImRpc2hfaWRzIjpbIjU1MjgwIl0sImN1aXNpbmVfaWRzIjpbXX19;4.2;North Indian, Mughlai, Chinese, Salad, Pizza, Biryani, Fast Food, Beverages;₹250 for one;
Cafe Delhi Heights;/lucknow/cafe-delhi-heights-gomti-nagar/order?contextual_menu_params=eyJkaXNoX3NlYXJjaCI6eyJ0aXRsZSI6IkJlc3QgaW4gQ2hpY2tlbiIsImRpc2hfaWRzIjpbIjU1MjgwIl0sImN1aXNpbmVfaWRzIjpbXX19;3.9;Continental, North Indian, Chinese, Street Food, Fast Food, Seafood, Desserts, Beverages;₹250 for one;
Tunday Kababi;/lucknow/tunday-kababi-1-alambagh/order?contextual_menu_params=eyJkaXNoX3NlYXJjaCI6eyJ0aXRsZSI6IkJlc3QgaW4gQ2hpY2tlbiIsImRpc2hfaWRzIjpbIjU1MjgwIl0sImN1aXNpbmVfaWRzIjpbXX19;4.0;North Indian, Kebab, Mughlai, Rolls, Biryani;₹250 for one;
The Peddler's;/lucknow/the-peddlers-hazratganj/order?contextual_menu_params=eyJkaXNoX3NlYXJjaCI6eyJ0aXRsZSI6IkJlc3QgaW4gQ2hpY2tlbiIsImRpc2hfaWRzIjpbIjU1MjgwIl0sImN1aXNpbmVfaWRzIjpbXX19;4.1;Shake, Beverages, Desserts;₹250 for one;
Pankaj Non Veg Point;/lucknow/pankaj-non-veg-point-hazratganj/order?contextual_menu_params=eyJkaXNoX3NlYXJjaCI6eyJ0aXRsZSI6IkJlc3QgaW4gQ2hpY2tlbiIsImRpc2hfaWRzIjpbIjU1MjgwIl0sImN1aXNpbmVfaWRzIjpbXX19;4.1;North Indian, Mughlai, Awadhi, Chinese, Fast Food, Rolls;₹250 for one;
Mughal Kakori Kabab;/lucknow/mughal-kakori-kabab-chowk/order?contextual_menu_params=eyJkaXNoX3NlYXJjaCI6eyJ0aXRsZSI6IkJlc3QgaW4gQ2hpY2tlbiIsImRpc2hfaWRzIjpbIjU1MjgwIl0sImN1aXNpbmVfaWRzIjpbXX19;4.0;Mughlai, Kebab, Biryani;₹250 for one;
Singh Non Veg Point;/lucknow/singh-non-veg-point-alambagh/order?contextual_menu_params=eyJkaXNoX3NlYXJjaCI6eyJ0aXRsZSI6IkJlc3QgaW4gQ2hpY2tlbiIsImRpc2hfaWRzIjpbIjU1MjgwIl0sImN1aXNpbmVfaWRzIjpbXX19;3.5;North Indian, Mughlai;₹250 for one;
Burger Point;/lucknow/burger-point-hazratganj/order?contextual_menu_params=eyJkaXNoX3NlYXJjaCI6eyJ0aXRsZSI6IkJlc3QgaW4gQ2hpY2tlbiIsImRpc2hfaWRzIjpbIjU1MjgwIl0sImN1aXNpbmVfaWRzIjpbXX19;3.8;Burger, Sandwich, Pizza, Momos, Wraps, Chinese, Fast Food, Beverages;₹100 for one;
Barkaas Indo-Arabic Restaurant;/lucknow/barkaas-indo-arabic-restaurant-1-aliganj/order?contextual_menu_params=eyJkaXNoX3NlYXJjaCI6eyJ0aXRsZSI6IkJlc3QgaW4gQ2hpY2tlbiIsImRpc2hfaWRzIjpbIjU1MjgwIl0sImN1aXNpbmVfaWRzIjpbXX19;4.0;Arabian, Mughlai, Kebab, Mandi, Fast Food, Salad, Desserts, Beverages;₹100 for one;
Z Food Life;/lucknow/z-food-life-chowk/order?contextual_menu_params=eyJkaXNoX3NlYXJjaCI6eyJ0aXRsZSI6IkJlc3QgaW4gQ2hpY2tlbiIsImRpc2hfaWRzIjpbIjU1MjgwIl0sImN1aXNpbmVfaWRzIjpbXX19;4.2;North Indian;₹100 for one;
Ajay Non Veg Point;/lucknow/ajay-non-veg-point-hazratganj/order?contextual_menu_params=eyJkaXNoX3NlYXJjaCI6eyJ0aXRsZSI6IkJlc3QgaW4gQ2hpY2tlbiIsImRpc2hfaWRzIjpbIjU1MjgwIl0sImN1aXNpbmVfaWRzIjpbXX19;4.1;North Indian, Chinese, Mughlai;₹100 for one;
Chef Nikhats Kitchen;/lucknow/chef-nikhats-kitchen-rajajipuram/order?contextual_menu_params=eyJkaXNoX3NlYXJjaCI6eyJ0aXRsZSI6IkJlc3QgaW4gQ2hpY2tlbiIsImRpc2hfaWRzIjpbIjU1MjgwIl0sImN1aXNpbmVfaWRzIjpbXX19;4.4;Mughlai, Biryani, Kebab;₹100 for one;
Moti Mahal Delux- Tandoori Trail;/lucknow/moti-mahal-delux-tandoori-trail-aashiana/order?contextual_menu_params=eyJkaXNoX3NlYXJjaCI6eyJ0aXRsZSI6IkJlc3QgaW4gQ2hpY2tlbiIsImRpc2hfaWRzIjpbIjU1MjgwIl0sImN1aXNpbmVfaWRzIjpbXX19;3.9;North Indian, Chinese, Mughlai, Kebab, Seafood, Biryani;₹100 for one;
Noodle Station;/lucknow/noodle-station-1-alambagh/order?contextual_menu_params=eyJkaXNoX3NlYXJjaCI6eyJ0aXRsZSI6IkJlc3QgaW4gQ2hpY2tlbiIsImRpc2hfaWRzIjpbIjU1MjgwIl0sImN1aXNpbmVfaWRzIjpbXX19;3.8;Chinese, Momos, North Indian, Fast Food, Beverages;₹100 for one;
Dharmendra  Bhojanalay And Restaurant;/lucknow/dharmendra-bhojanalay-and-restaurant-aishbagh/order?contextual_menu_params=eyJkaXNoX3NlYXJjaCI6eyJ0aXRsZSI6IkJlc3QgaW4gQ2hpY2tlbiIsImRpc2hfaWRzIjpbIjU1MjgwIl0sImN1aXNpbmVfaWRzIjpbXX19;New;North Indian, Mughlai, Biryani, Seafood;₹100 for one;
Wow Uncle;/lucknow/wow-uncle-alambagh/order?contextual_menu_params=eyJkaXNoX3NlYXJjaCI6eyJ0aXRsZSI6IkJlc3QgaW4gQ2hpY2tlbiIsImRpc2hfaWRzIjpbIjU1MjgwIl0sImN1aXNpbmVfaWRzIjpbXX19;3.6;Biryani, North Indian;₹100 for one;
Kebabchi;/lucknow/kebabchi-chowk/order?contextual_menu_params=eyJkaXNoX3NlYXJjaCI6eyJ0aXRsZSI6IkJlc3QgaW4gQ2hpY2tlbiIsImRpc2hfaWRzIjpbIjU1MjgwIl0sImN1aXNpbmVfaWRzIjpbXX19;3.8;Kebab;₹100 for one;
Foodie Baba;/lucknow/foodie-baba-aashiana/order?contextual_menu_params=eyJkaXNoX3NlYXJjaCI6eyJ0aXRsZSI6IkJlc3QgaW4gQ2hpY2tlbiIsImRpc2hfaWRzIjpbIjU1MjgwIl0sImN1aXNpbmVfaWRzIjpbXX19;3.8;Pizza, Sandwich, Burger, Fast Food, Salad, Shake, Beverages;₹100 for one;
Bhargavas Restaurant Banquet;/lucknow/bhargavas-restaurant-banquet-1-aashiana/order?contextual_menu_params=eyJkaXNoX3NlYXJjaCI6eyJ0aXRsZSI6IkJlc3QgaW4gQ2hpY2tlbiIsImRpc2hfaWRzIjpbIjU1MjgwIl0sImN1aXNpbmVfaWRzIjpbXX19;3.8;Chinese, Fast Food, Rolls, North Indian, Desserts, Beverages;₹100 for one;
